{"__className":"WiziCore_FormFullResult","form":{"id_form":"b6059e14-696c-463c-9624-ea2fe3f24182","id_user":"7f616f73-e0af-49cb-9665-108158f87171","version":72,"name":"RulesDemo","pages":null,"id_folder":null,"repeates":null,"queries":null,"theme":"2a2bcb5f-ed09-4d4f-a7f0-890b29384c30","actions":{"userCode":"","genCode":"","system":[{"objectid":"wufsc87k-szip-9j2b4gokdeemk9w1jte4jj","actionid":"click","handler":"handler_submit_onClick","actions":{"alias":"widget_event_onclick","funcview":"onClick","action":"AC.Widgets.Base.onClick","params":"mouseev","group":"widget_event_mouse"},"editingType":"Javascript"}],"userServerCode":null,"clientScripts":{"files":{"home":"\n\/**\n * Invoke webservice\n *\/\nfunction handler_submit_onClick(mouseev){\n\n    if (app.getValue('numbers') === \"\"){\n        alert(\"Please provide input\");\n        return;      \n    }\n    \n    app.twirlyThing(app, true);\n        \n        \n    app.callSSJ(\"processRules\",function(error, res) {\n        debugger;\n        try {\n           var results = eval(res);\n             \n           var map = {\n              'checkbox': [\"result\",\"satisfied\"],\n              'ruleName' : [\"result\",\"name\"]\n            };\n    \n            app.populateWidget('repeatContainer',results,map);\n        } catch (err) {\n            alert(res);\n        }\n        app.twirlyThing(app, false);\n    },[encodeURI( app.getValue('numbers') ) ]);\n    \n}\n"},"folders":[]},"serverScripts":null},"pageTarget":null,"redirectUrl":null,"defaultPage":0,"backgroundImage":null,"backgroundColor":null,"backgroundRformMepeat":null,"facebookName":null,"hasStorage":"None","instanceTitleTemplate":"","dataSchema":[],"applicationRelationships":null,"integrityHandling":"message","uniquenessMessage":"","mandatoryMessage":"","views":[],"loginFormId":null,"renderCharts":null,"highlightOpacity":20,"highlightColor":null,"validateMessage":null,"liveName":null,"workflow":null,"shortUrl":"http:\/\/acft.ws\/kvbq","gaAccountId":"","gmapsApiKey":"","orientation":"any","fullScreen":false,"filesList":null,"mobileSplash":{"mobile":"Default","desktop":"Default"},"desktopSplash":"Default","twirlyThingOptions":{"zIndex":0,"bgColor":"transparent","bgColorBox":"transparent","color":"#170317","opacity":1,"opacityBox":0.851,"image":"Default","text":"","font":"","textPadding":"0","border":"none","width":45,"height":27,"shadow":"none","borderradius":0,"padding":"0","uid":"w8cpsutj4qy3o4v62eh1p692qixskkyvnryr"},"linkedExportApp":null,"displayHourglassOver":"widget","advertising":null,"badKeywords":false,"roles":[],"layout":"vertical","userAccess":[{"id_subject":"00000000-0000-0000-0000-000000000000","subject_type":"u","type":"createInstances","value":"a","id_object":"b6059e14-696c-463c-9624-ea2fe3f24182"},{"id_subject":"00000000-0000-0000-0000-000000000000","subject_type":"u","type":"use","value":"a","id_object":"b6059e14-696c-463c-9624-ea2fe3f24182"}],"pageTransition":"slide","children":[{"id":"we5a7fyhpxyt9pv2h1iaoukomq5b3z4ac9zz","name":"home","width":325,"height":482,"bgColor":null,"shadow":null,"font":null,"centered":false,"widgetStyle":"default","snapToGrid":false,"gridSize":[5,5],"customCssClasses":"","widgetClass":"WiziCore_Api_Page","displayHourglassOver":"inherit","fullScreenHeight":false,"transitionMode":"auto","autoPageJump":"","autoJumpTime":0,"gaTrackCode":"","pWidth":100,"layout":"vertical","children":[{"width":"320","height":"30","x":0,"y":40,"widgetClass":"WiziCore_UI_ContainerMobileWidget","name":"MobileToolbar","opacity":1,"zindex":2,"enable":true,"visible":true,"widgetStyle":"default","anchors":{"left":true,"top":true,"bottom":false,"right":false},"centered":false,"readonly":false,"margin":"","hourglassImage":"Default","displayHourglassOver":"inherit","customCssClasses":"","pWidth":"100","dragAndDrop":false,"layout":"vertical","mobileTheme":"b","id":"wjibr-oujrvos7ineezrt3cmtg-u4h28e7ji","repeat":false,"children":[{"label":"Rules Demo","width":252,"height":36,"x":11,"y":0,"zindex":2,"pWidth":100,"margin":"","anchors":{"left":true,"top":true,"bottom":false,"right":false},"visible":true,"widgetStyle":"Title","opacity":"","name":"label","alignInContainer":"left","textAlign":"Center","action":"none","hourglassImage":"","displayHourglassOver":"","customCssClasses":"","relationId":null,"addLink":"Add","dragAndDrop":false,"resizing":false,"target":"Same","textShadow":"","widgetClass":"WiziCore_UI_LabelWidget","id":"w2y4gredxatu0s344pktale-cois93c2adto","repeat":false,"font":"","fontColor":"","minWidth":"","maxWidth":"","maxHeight":"","hrefColor":"","paragraphSpacing":"","bgColor":"","lineHeight":"","letterSpacing":""}]},{"width":336,"height":442,"x":15,"y":146,"widgetClass":"WiziCore_UI_PanelContainerWidget","name":"PanelContainer","opacity":1,"zindex":4,"enable":true,"visible":true,"widgetStyle":"default","anchors":{"left":true,"top":true,"bottom":false,"right":false},"centered":false,"readonly":false,"margin":"","hourglassImage":"Default","displayHourglassOver":"inherit","customCssClasses":"","pWidth":100,"dragAndDrop":false,"resizing":false,"layout":"vertical","scrolling":"none","shadow":"","id":"w8z-xs7az7k5rvedj6ushtymceg1vx8ghcr-","repeat":false,"maxHeight":"","minWidth":"","maxWidth":"","children":[{"label":"Enter numbers:","width":234,"height":36,"x":16,"y":0,"zindex":4,"pWidth":"","margin":"","anchors":{"left":true,"top":true,"bottom":false,"right":false},"visible":true,"widgetStyle":"default","opacity":1,"name":"args","alignInContainer":"left","textAlign":"Left","action":"none","hourglassImage":"Default","displayHourglassOver":"inherit","customCssClasses":"","relationId":null,"addLink":"Add","dragAndDrop":false,"resizing":false,"target":"Same","wrapText":"none","mobileTheme":"d","widgetClass":"WiziCore_UI_LabelMobileWidget","id":"wc3262o58nrx-2-eqhf1j3-uvfab1ldmnvrj","repeat":false,"minWidth":"","maxWidth":"","maxHeight":"","paragraphSpacing":""},{"valName":"currText","text":"","x":14,"y":18,"width":225,"height":80,"zindex":2,"label":"Label","labelDisabled":false,"readonly":false,"enable":true,"anchors":{"left":true,"top":true,"bottom":false,"right":false},"visible":true,"widgetStyle":"default","name":"numbers","customCssClasses":"","displayHourglassOver":"inherit","dragAndDrop":false,"resizing":false,"pWidth":100,"margin":"","alignInContainer":"left","mobileTheme":"c","placeholderText":"","tabindex":1,"widgetClass":"WiziCore_UI_TextAreaMobileWidget","id":"wvmmu24f83vzo694lxg-6e7n-wnep4a6a2st","repeat":false,"minWidth":"","maxWidth":"","charsField":null},{"x":0,"y":89,"width":"150","height":"55","zindex":6,"content":"Run Rules","enable":true,"anchors":{"left":true,"top":true,"bottom":false,"right":false},"name":"submit","visible":true,"widgetStyle":"default","customCssClasses":"","displayHourglassOver":"inherit","dragAndDrop":false,"resizing":false,"opacity":1,"isField":false,"pWidth":"","margin":"","alignInContainer":"center","mobileTheme":"b","icon":"none","iconPosition":"left","tabindex":2,"widgetClass":"WiziCore_UI_ActionButtonMobileWidget","id":"wufsc87k-szip-9j2b4gokdeemk9w1jte4jj","repeat":false},{"width":200,"height":25,"x":1,"y":128,"widgetClass":"WiziCore_UI_PanelContainerWidget","name":"PanelContainer1","opacity":1,"zindex":10,"enable":true,"visible":true,"widgetStyle":"default","anchors":{"left":true,"top":true,"bottom":false,"right":false},"centered":false,"readonly":false,"margin":"","hourglassImage":"Default","displayHourglassOver":"inherit","customCssClasses":"","pWidth":100,"dragAndDrop":false,"resizing":false,"layout":"horizontal","scrolling":"none","shadow":"","id":"w859dqayj858boun9j1csa0ynseovr1uaosn","repeat":false,"maxHeight":"","minWidth":"","maxWidth":"","children":[{"label":"<strong>Passed<\/strong>","width":80,"height":15,"x":10,"y":0,"zindex":2,"pWidth":"","margin":"","anchors":{"left":true,"top":true,"bottom":false,"right":false},"visible":true,"widgetStyle":"default","opacity":1,"name":"label1","alignInContainer":"left","textAlign":"Left","action":"none","hourglassImage":"Default","displayHourglassOver":"inherit","customCssClasses":"","relationId":null,"addLink":"Add","dragAndDrop":false,"resizing":false,"target":"Same","textShadow":"","widgetClass":"WiziCore_UI_LabelWidget","id":"w2z4gx3rkvrqxi70f-u84vcm31nld1-g7nir","repeat":false,"maxHeight":"","minWidth":"","maxWidth":""},{"label":"<strong>Rule<\/strong>","width":164,"height":18,"x":107,"y":4,"zindex":4,"pWidth":"","margin":"","anchors":{"left":true,"top":true,"bottom":false,"right":false},"visible":true,"widgetStyle":"default","opacity":1,"name":"label2","alignInContainer":"left","textAlign":"Left","action":"none","hourglassImage":"Default","displayHourglassOver":"inherit","customCssClasses":"","relationId":null,"addLink":"Add","dragAndDrop":false,"resizing":false,"target":"Same","textShadow":"","widgetClass":"WiziCore_UI_LabelWidget","id":"w3f790ncn6wz76p0y35yrkt6q51q27otic3p","repeat":false}]},{"width":336,"height":268,"x":86,"y":187,"zindex":8,"repeatMode":"vertical","widgetClass":"RepeatContainer","name":"repeatContainer","elementsPerPage":10,"currPage":1,"scrolling":"noscroll","stretching":false,"separatingLines":false,"separatingLineColor":"#000000","visible":true,"enable":true,"readonly":false,"opacity":1,"margin":"","alignInContainer":"left","hourglassImage":"Default","displayHourglassOver":"inherit","customCssClasses":"","border":"1px solid gray","blockBgColor":"","blockAlternativeBgColor":"","blockBorder":"","blockAlternativeBorder":"","blockBorderRadius":"","blockAlternativeBorderRadius":"","dragAndDrop":false,"resizing":false,"verticalSpacing":0,"horizontalSpacing":0,"pWidth":100,"data":{"wh2wi3lls1l0c4crgphwaabre5bghyet6uxj":[]},"id":"wfh9jvu-3-3h0ox7hheiaq6njaep3y91vvsz","repeat":false,"minWidth":"","maxWidth":"","children":[{"widgetClass":"WiziCore_Widget_Container","width":200,"height":25,"x":0,"y":0,"name":"container","opacity":1,"visible":true,"bgColor":"transparent","id":"wsdczvb6n1rr6vp267phq7p9yzimk638rjxe","repeat":false,"layout":"vertical","maxHeight":"","minWidth":"","maxWidth":"","pWidth":100,"children":[{"width":200,"height":25,"x":5,"y":35,"widgetClass":"WiziCore_UI_PanelContainerWidget","name":"resultsContainer","opacity":1,"zindex":2,"enable":true,"visible":true,"widgetStyle":"default","anchors":{"left":true,"top":true,"bottom":false,"right":false},"centered":false,"readonly":true,"margin":"","hourglassImage":"Default","displayHourglassOver":"inherit","customCssClasses":"","pWidth":100,"dragAndDrop":false,"resizing":false,"layout":"horizontal","scrolling":"none","shadow":"","id":"wh2wi3lls1l0c4crgphwaabre5bghyet6uxj","repeat":false,"maxHeight":"","minWidth":"","maxWidth":"","children":[{"pWidth":"","margin":"","alignInContainer":"left","x":116,"y":10,"width":80,"height":25,"zindex":6,"label":"","enable":false,"checked":false,"radioValue":"checkBox","name":"checkbox","verticalAlign":"center","anchors":{"left":true,"top":true,"bottom":false,"right":false},"visible":true,"hourglassImage":"Default","displayHourglassOver":"inherit","customCssClasses":"","opacity":1,"widgetStyle":"default","dragAndDrop":false,"resizing":false,"tabStop":true,"tabindex":4,"widgetClass":"WiziCore_UI_CheckBoxWidget","id":"w2lh9qasnqpqc6memkoho0zt7otgz5wma606","repeat":false,"minWidth":"","maxWidth":""},{"width":1,"height":25,"x":52,"y":0,"zindex":8,"enable":true,"anchors":{"left":true,"top":true,"bottom":false,"right":false},"visible":true,"dragAndDrop":false,"resizing":false,"shadow":"","displayHourglassOver":"inherit","customCssClasses":"","widgetStyle":"default","opacity":1,"name":"shape","pWidth":"","margin":"","alignInContainer":"left","hourglassImage":"Default","widgetClass":"WiziCore_UI_ShapeWidget","id":"wthfk9eimhog1xn61zbrtqn9otnnq2a6p1ub","repeat":false,"minWidth":"","maxWidth":""},{"label":"Label ","width":184,"height":25,"x":191,"y":8,"zindex":4,"pWidth":"","margin":"","anchors":{"left":true,"top":true,"bottom":false,"right":false},"visible":true,"widgetStyle":"default","opacity":"","name":"ruleName","alignInContainer":"left","textAlign":"Left","action":"none","hourglassImage":"","displayHourglassOver":"","customCssClasses":"","relationId":null,"addLink":"Add","dragAndDrop":false,"resizing":false,"target":"Same","wrapText":"none","mobileTheme":"c","widgetClass":"WiziCore_UI_LabelMobileWidget","id":"wkca76i96hrx92rdb6m11mkpq4ju-3i69t6p","repeat":false,"maxHeight":"","minWidth":"","maxWidth":"","paragraphSpacing":""}]}]}]}]}]}],"stringTable":null,"languages":null,"language":null},"theme":{"__className":"WiziApp_Theme","id_theme":"2a2bcb5f-ed09-4d4f-a7f0-890b29384c30","name":"Mobile","id_user":"7f616f73-e0af-49cb-9665-108158f87171","url":"\/2a2bcb5f-ed09-4d4f-a7f0-890b29384c300"},"themeContent":{"WiziCore_UI_SliderVWidget":{"87":{"bgColor":"#943994","borderColor":"#000000","hoverColor":"","defaultColor":"#d653d6"},"default":{"bgColor":"#8c8c8c","borderColor":"#000000","hoverColor":"","defaultColor":"#bfbfbf"}},"WiziCore_UI_LabelWidget":{"Bold Body":{"background_color":"","fontColor":"","font":"bold 15px Arial"},"default":{"background_color":"","fontColor":"","font":""},"Sub Title":{"pWidth":"","opacity":1,"hrefColor":"","paragraphSpacing":"","font":"normal 18px Arial","fontColor":"#000000","margin":"6px 0px 0px 20px","bgColor":"","lineHeight":"","hourglassImage":"Default","letterSpacing":""},"Title":{"pWidth":"","opacity":"","hrefColor":"","paragraphSpacing":"","font":"normal 32px Arial","fontColor":"#ffffff","margin":"","bgColor":"","lineHeight":"","hourglassImage":"","letterSpacing":""}},"WiziCore_UI_SubmitButtonMobileWidget":{"default":{"pWidth":"","opacity":"","margin":"","mobileTheme":"a","icon":"home","iconPosition":"left"}},"WiziCore_UI_TextAreaMobileWidget":{"default":{"pWidth":"","minWidth":"","maxWidth":"","opacity":"","font":"normal 12px verdana","margin":"","mobileTheme":"c"}},"WiziCore_UI_CollapsibleMobileWidget":{"default":{"pWidth":"","opacity":1,"margin":"","mobileTheme":"a","hourglassImage":"Default"}},"_form":{"default":[]},"WiziCore_UI_fGaugeLinearWidget":{"default":{"setAdaptiveMin":"","upperLimit":"","lowerLimit":"","upperLimitDisplay":"","lowerLimitDisplay":"","showTickMarks":true,"showTickValues":true,"showLimits":true,"adjustTM":"","ticksBelowGauge":"","placeTicksInside":"","placeValuesInside":"","majorTMNumber":"","majorTMColor":"","majorTMAlpha":"","majorTMHeight":"","majorTMThickness":"","minorTMNumber":"","minorTMColor":"","minorTMAlpha":"","minorTMHeight":"","minorTMThickness":"","tickMarkDistance":"","tickValueDistance":"","trendValueDistance":"","tickValueStep":"","tickValueDecimals":"","forceTickValueDecimals":"","numberPrefix":"","numberSuffix":"","bgColor":"","bgAlpha":"","bgTransparent":true,"bgImage":"","showLegend":true,"legendBgColor":"","legendBgAlpha":"","legendBorderThickness":"","showBorder":"","borderColor":"","borderThickness":"","borderAlpha":"","palette":"","useRoundEdges":"","chartTopMargin":"","chartBottomMargin":"","chartLeftMargin":"","chartRightMargin":"","valuePadding":"","numberScaleValue":"","numberScaleUnit":"","enableSmartLabels":"","rotateValues":"","showCanvasBg":"","canvasBorderColor":"","canvasBorderThickness":"","canvasBorderAlpha":"","canvasBgColor":"","canvasBgAlpha":"","canvasBgRatio":"","canvasBgAngle":"","canvasPadding":"","plotGradientColor":"","showPlotBorder":"","rangeValues":{"rows":[{"id":1,"data":["1",null,20],"ind":1},{"id":2,"data":["2",null,40],"ind":2},{"id":3,"data":["3",null,60],"ind":3}]}}},"WiziCore_UI_TableLayoutWidget":{"default":{"pWidth":"","opacity":1,"margin":"","border":"none","borderRadius":"0","bgColor":"transparent","backgroundImage":"","backgroundRepeat":"","hourglassImage":"Default"}},"WiziCore_UI_CheckBoxMobileWidget":{"default":{"pWidth":"","minWidth":"","maxWidth":"","opacity":1,"margin":"","mobileTheme":"c","displayHourglassOver":"inherit","customCssClasses":""}},"WiziCore_UI_ListMobileWidget":{"default":{"pWidth":90,"opacity":1,"imageAsThumbnail":"","useImage":"","useCount":"","inset":true,"htmlLabel":true,"useFilter":"","numbered":"","readOnlyList":true,"useAside":"","margin":"6px 0px 0px 0px","mobileTheme":"d","dividerTheme":"b","countTheme":"c"}},"WiziCore_UI_MenuAdvancedWidget":{"default":{"opacity":1,"margin":"","textColors":{"useColors":true,"colors":["#aaaaaa","#aaaaaa","#222222","#222222","#fff"]},"bgColors":{"useColors":true,"colors":["#101010","#fff","#000","#fff","#000"]}}},"WiziCore_UI_fGaugePyramidWidget":{"default":{"setAdaptiveMin":"","upperLimit":"","lowerLimit":"","upperLimitDisplay":"","lowerLimitDisplay":"","showTickMarks":"","showTickValues":"","showLimits":"","adjustTM":"","ticksBelowGauge":"","placeTicksInside":"","placeValuesInside":"","majorTMNumber":"","majorTMColor":"","majorTMAlpha":"","majorTMHeight":"","majorTMThickness":"","minorTMNumber":"","minorTMColor":"","minorTMAlpha":"","minorTMHeight":"","minorTMThickness":"","tickMarkDistance":"","tickValueDistance":"","trendValueDistance":"","tickValueStep":"","tickValueDecimals":"","forceTickValueDecimals":"","numberPrefix":"","numberSuffix":"","bgColor":"","bgAlpha":"","bgTransparent":true,"bgImage":"","showLegend":"","legendBgColor":"","legendBgAlpha":"","legendBorderThickness":"","showBorder":"","borderColor":"","borderThickness":"","borderAlpha":"","palette":"","useRoundEdges":"","chartTopMargin":"","chartBottomMargin":"","chartLeftMargin":"","chartRightMargin":"","valuePadding":"","numberScaleValue":"","numberScaleUnit":"","enableSmartLabels":true,"rotateValues":"","showCanvasBg":"","canvasBorderColor":"","canvasBorderThickness":"","canvasBorderAlpha":"","canvasBgColor":"","canvasBgAlpha":"","canvasBgRatio":"","canvasBgAngle":"","canvasPadding":"","plotGradientColor":"","showPlotBorder":"","rangeValues":""}},"WiziCore_UI_fGaugeAngularWidget":{"default":{"setAdaptiveMin":"","upperLimit":"","lowerLimit":"","upperLimitDisplay":"","lowerLimitDisplay":"","showTickMarks":true,"showTickValues":true,"showLimits":true,"adjustTM":true,"ticksBelowGauge":"","placeTicksInside":"","placeValuesInside":"","majorTMNumber":"5","majorTMColor":"","majorTMAlpha":"","majorTMHeight":"","majorTMThickness":"","minorTMNumber":"","minorTMColor":"","minorTMAlpha":"","minorTMHeight":"","minorTMThickness":"","tickMarkDistance":"","tickValueDistance":"","trendValueDistance":"","tickValueStep":"","tickValueDecimals":"","forceTickValueDecimals":"","numberPrefix":"","numberSuffix":"","bgColor":"","bgAlpha":50,"bgTransparent":true,"bgImage":"","showLegend":true,"legendBgColor":"","legendBgAlpha":"","legendBorderThickness":"","showBorder":"","borderColor":"","borderThickness":"","borderAlpha":"","palette":"","useRoundEdges":"","chartTopMargin":"","chartBottomMargin":"","chartLeftMargin":"","chartRightMargin":"","valuePadding":"","numberScaleValue":"","numberScaleUnit":"","enableSmartLabels":"","rotateValues":"","showCanvasBg":"","canvasBorderColor":"","canvasBorderThickness":"","canvasBorderAlpha":"","canvasBgColor":"","canvasBgAlpha":"","canvasBgRatio":"","canvasBgAngle":"","canvasPadding":"","plotGradientColor":"","showPlotBorder":"","rangeValues":{"rows":[{"id":1,"data":["1",null,20],"ind":1},{"id":2,"data":["2",null,40],"ind":2}]}},"fgfg":{"setAdaptiveMin":"","upperLimit":"","lowerLimit":"","upperLimitDisplay":"","lowerLimitDisplay":"","showTickMarks":true,"showTickValues":true,"showLimits":true,"adjustTM":true,"ticksBelowGauge":"","placeTicksInside":"","placeValuesInside":"","majorTMNumber":"5","majorTMColor":"","majorTMAlpha":"","majorTMHeight":"","majorTMThickness":"","minorTMNumber":"","minorTMColor":"","minorTMAlpha":"","minorTMHeight":"","minorTMThickness":"","tickMarkDistance":"","tickValueDistance":"","trendValueDistance":"","tickValueStep":"","tickValueDecimals":"","forceTickValueDecimals":"","numberPrefix":"","numberSuffix":"","bgColor":"","bgAlpha":50,"bgTransparent":true,"bgImage":"","showLegend":true,"legendBgColor":"","legendBgAlpha":"","legendBorderThickness":"","showBorder":"","borderColor":"","borderThickness":"","borderAlpha":"","palette":"","useRoundEdges":"","chartTopMargin":"","chartBottomMargin":"","chartLeftMargin":"","chartRightMargin":"","valuePadding":"","numberScaleValue":"","numberScaleUnit":"","enableSmartLabels":"","rotateValues":"","showCanvasBg":"","canvasBorderColor":"","canvasBorderThickness":"","canvasBorderAlpha":"","canvasBgColor":"","canvasBgAlpha":"","canvasBgRatio":"","canvasBgAngle":"","canvasPadding":"","plotGradientColor":"","showPlotBorder":"","rangeValues":{"rows":[{"id":1,"data":["1",null,20],"ind":1},{"id":2,"data":["2",null,40],"ind":2}]}}},"WiziCore_UI_LabelMobileWidget":{"default":{"pWidth":"","minWidth":"","maxWidth":"","maxHeight":"","opacity":1,"paragraphSpacing":"","margin":"","mobileTheme":"c","customCssClasses":"","displayHourglassOver":"inherit","hourglassImage":"Default"}},"RepeatContainer":{"default":{"pWidth":"","minWidth":"","maxWidth":"","border":"1px solid gray","borderRadius":"","margin":"","bgColor":"","blockBgColor":"","blockAlternativeBgColor":"","blockBorder":"","blockAlternativeBorder":"","blockBorderRadius":"","blockAlternativeBorderRadius":"","separatingLineWidth":"","separatingLineColor":"#000000","backgroundImage":"","backgroundRepeat":"","opacity":1,"displayHourglassOver":"inherit","hourglassImage":"Default","customCssClasses":""}},"WiziCore_UI_CheckBoxGroupMobileWidget":{"default":{"pWidth":"","opacity":1,"margin":"","mobileTheme":"c"}},"WiziCore_UI_SignInButtonWidget":{"default":{"pWidth":"","minWidth":"","maxWidth":"","opacity":1,"font":"normal 12px verdana","fontColor":"black","margin":"","border":"1px solid gray","borderRadius":"0","bgColor":"#f7f7f7","hourglassImage":"Default"}},"WiziCore_UI_TextAreaWidget":{"default":{"background_color":"#f7f7f7","fontColor":"","font":"","border":"1px solid #bfbfbf"}},"WiziCore_UI_AuthButtonMobileWidget":{"default":{"pWidth":"","minWidth":"","maxWidth":"","opacity":"","margin":"","mobileTheme":"c","icon":"none","iconPosition":"left"}},"WiziCore_UI_ColorPickerWidget":{"default":{"pWidth":"","minWidth":"","maxWidth":"","opacity":1,"margin":"","border":"","borderRadius":"","hourglassImage":"Default"}},"DatePicker":{"default":{"pWidth":"","minWidth":"","maxWidth":"","opacity":1,"font":"normal 12px verdana","fontColor":"black","margin":"","border":"1px solid gray","bgColor":"#f7f7f7","hourglassImage":"Default"}},"WiziCore_UI_NumericWidget":{"default":{"pWidth":"","minWidth":"","maxWidth":"","opacity":1,"font":"normal 12px verdana","fontColor":"#000000","margin":"","border":"1px solid gray","borderRadius":"0","bgColor":"#f7f7f7","hourglassImage":"Default"}},"WiziCore_UI_PopupListboxMobileWidget":{"default":{"pWidth":"","minWidth":"","maxWidth":"","opacity":"","margin":"","mobileTheme":"c"}},"SearchMobile":{"default":{"pWidth":"","minWidth":"","maxWidth":"","opacity":1,"margin":"","mobileTheme":"c"}},"WiziCore_UI_fGaugeCylinderWidget":{"default":{"setAdaptiveMin":"","upperLimit":"","lowerLimit":"","upperLimitDisplay":"","lowerLimitDisplay":"","showTickMarks":"","showTickValues":true,"showLimits":"","adjustTM":"","ticksBelowGauge":"","placeTicksInside":"","placeValuesInside":"","majorTMNumber":"","majorTMColor":"","majorTMAlpha":"","majorTMHeight":"","majorTMThickness":"","minorTMNumber":"","minorTMColor":"","minorTMAlpha":"","minorTMHeight":"","minorTMThickness":"","tickMarkDistance":"","tickValueDistance":"","trendValueDistance":"","tickValueStep":"","tickValueDecimals":"","forceTickValueDecimals":"","numberPrefix":"","numberSuffix":"","bgColor":"","bgAlpha":"","bgTransparent":true,"bgImage":"","showLegend":true,"legendBgColor":"","legendBgAlpha":"","legendBorderThickness":"","showBorder":"","borderColor":"","borderThickness":"","borderAlpha":"","palette":"","useRoundEdges":"","chartTopMargin":"","chartBottomMargin":"","chartLeftMargin":"","chartRightMargin":"","valuePadding":"","numberScaleValue":"","numberScaleUnit":"","enableSmartLabels":"","rotateValues":"","showCanvasBg":"","canvasBorderColor":"","canvasBorderThickness":"","canvasBorderAlpha":"","canvasBgColor":"","canvasBgAlpha":"","canvasBgRatio":"","canvasBgAngle":"","canvasPadding":"","plotGradientColor":"","showPlotBorder":"","rangeValues":{"rows":[{"id":1,"data":["1",null,1000],"ind":1},{"id":2,"data":["2",null,2000],"ind":2},{"id":3,"data":["3",null,3000],"ind":3}]}}},"WiziCore_UI_SliderMobileWidget":{"default":{"pWidth":"","minWidth":"","maxWidth":"","opacity":1,"margin":"","mobileTheme":"c"}},"WiziCore_UI_TabWidget":{"default":{"pWidth":"","minWidth":"","maxWidth":"","opacity":1,"font":"","border":"","borderRadius":"0","margin":"","bgColor":"","menuFontColor":"","menuBGColor":"","tabBGColors":{"useColors":true,"colors":["#dddddd","#eeeeee"]},"hourglassImage":"Default"}},"WiziCore_UI_PageButtonWidget":{"default":{"pWidth":"","minWidth":"","maxWidth":"","opacity":1,"font":"normal 12px verdana","fontColor":"black","margin":"","border":"1px solid gray","borderRadius":"0","bgColor":"#f7f7f7","hourglassImage":"Default"}},"WiziCore_UI_IFrameWidget":{"default":{"pWidth":"","minWidth":"","maxWidth":"","opacity":1,"margin":"","border":"","bgColor":"","hourglassImage":"Default"}},"WiziCore_Api_Page":{"default":{"width":"","height":"","layout":"","pWidth":"","bgColor":"","backgroundImage":"","backgroundRepeat":"","font":"","fontColor":"","shadow":"","border":"","borderRadius":"","centered":""},"mobile":{"width":"600","height":"400","layout":"absolute","pWidth":"","bgColor":"white","backgroundImage":"","backgroundRepeat":"","font":"","fontColor":"black","shadow":"","border":"","borderRadius":"","centered":false},"test":{"width":"","height":"","layout":"","pWidth":"","bgColor":"","backgroundImage":"","backgroundRepeat":"","font":"","fontColor":"","shadow":"","border":"","borderRadius":"","centered":""}},"WiziCore_Widget_Container":{"default":{"pWidth":100,"opacity":1,"hourglassImage":""}},"WiziCore_UI_ActionButtonMobileWidget":{"default":{"pWidth":"","opacity":"","margin":"","mobileTheme":"c","icon":"none","iconPosition":"left"}},"WiziCore_UI_ContainerMobileWidget":{"default":{"pWidth":"100","opacity":1,"border":"","borderRadius":"0","margin":"","mobileTheme":"a","hourglassImage":"Default"}},"WiziCore_UI_PanelContainerWidget":{"default":{"pWidth":"","opacity":1,"border":"1px solid gray","borderRadius":"0","margin":"","bgColor":"#f7f7f7","backgroundImage":"","backgroundRepeat":"","hourglassImage":"Default"}},"WiziCore_UI_GoogleMapsWidget":{"default":{"pWidth":"","opacity":1,"border":"","shadow":"","margin":"","bgColor":""}},"WiziCore_UI_ImgQrCodeWidget":{"default":{"opacity":1,"border":"","margin":"","hourglassImage":"","font":"","hrefColor":""}},"WiziCore_UI_ShapeWidget":{"default":{"pWidth":"","opacity":1,"font":"","fontColor":"","margin":"","border":"1px solid #000000","borderRadius":"","bgColor":"","hourglassImage":"Default"}},"WiziCore_UI_RepeatContainerWidget":{"default":{"pWidth":98,"border":"1px solid gray","borderRadius":"","margin":"","bgColor":"","blockBgColor":"","blockAlternativeBgColor":"","blockBorder":"","blockAlternativeBorder":"","blockBorderRadius":"","blockAlternativeBorderRadius":"","separatingLineWidth":"","separatingLineColor":"#000000","backgroundImage":"","backgroundRepeat":"","opacity":1,"hourglassImage":"Default"}},"WiziCore_UI_NavBarMobileWidget":{"default":{"pWidth":100,"opacity":"","useImage":"","margin":"","mobileTheme":"a","iconPosition":"top"}},"jquery-ui":{"default":[]},"jquery-wizi-default":{"default":[]},"jquery.autocomplete":{"default":[]},"colorpicker":{"default":[]},"dhtmlxcombo":{"default":[]},"dhtmlxtree":{"default":[]},"dhtmlxtreegrid_pro":{"default":[]},"WiziCore_Api_Form":{"default":{"fDefault":"","color":"","bgColor":""}},"WiziCore_UI_RadioWidget":{"default":{"background_color":"","fontColor":"","font":""}},"WiziCore_UI_CheckBoxWidget":{"default":{"background_color":"","fontColor":"","font":""}},"WiziCore_UI_TextWidget":{"default":{"background_color":"#f7f7f7","fontColor":"","font":"","border":"1px solid #bfbfbf"}},"WiziCore_UI_TextANumWidget":{"default":{"background_color":"#f7f7f7","fontColor":"","font":"","border":"1px solid #bfbfbf"}},"WiziCore_UI_ButtonWidget":{"default":{"background_color":"","fontColor":"","font":"","border":""}},"WiziCore_UI_ResetButtonWidget":{"default":{"background_color":"#db2edb","fontColor":"#ffffff","font":"normal 13.2px Tahoma","border":"","borderRadius":23.1}},"WiziCore_UI_DatePickerWidget":{"default":{"background_color":"#f7f7f7","fontColor":"","font":"","border":"1px solid #a8a8a8"}},"WiziCore_UI_ListBoxWidget":{"default":{"background_color":"#f7f7f7","border":"1px solid #a8a8a8","fontColor":"","font":"","selectedBg":"#787878","selectedFont":"","selectedColor":"#ffffff"}},"WiziCore_UI_ComboBoxWidget":{"default":{"background_color":"","fontColor":"","font":"","border":""}},"WiziCore_UI_GridWidget":{"default":{"defaultHeaderFont":"","defaultDataFont":"","defaultDataColor":"","alternativeRowBgColor":""}},"WiziCore_UI_MaskEditWidget":{"default":{"background_color":"#f7f7f7","fontColor":"","font":"","border":"1px solid #a8a8a8"}},"WiziCore_UI_AudioWidget":{"default":{"background_image_play":"","background_image_pause":"","background_image_stop":""}},"WiziCore_UI_flotChartBaseWidget":{"default":{"xAxisName":"","xAxisNamePadding":"","labelPadding":"","labelStep":"1","xNumDivLines":"","xDivLineThickness":"","xDivLineColor":"","xDivLineAlpha":"","yAxisName":"","yAxisNamePadding":"","rotateYAxisName":"","yAxisMinValue":"","yAxisMaxValue":"","setAdaptiveYMin":"","showYAxisValues":true,"yAxisValuesStep":"","yNumDivLines":"","yDivLineThickness":"","yDivLineColor":"","yDivLineAlpha":"","bgColor":"","bgAlpha":"","bgTransparent":"","bgImage":"","legendPosition":"","legendBgColor":"","legendBgAlpha":"","legendBorderThickness":"","showBorder":"","borderColor":"","borderThickness":"","borderAlpha":"","palette":"","useRoundEdges":"","chartTopMargin":"","chartBottomMargin":"","chartLeftMargin":"","chartRightMargin":"","valuePadding":"","numberScaleValue":"","numberScaleUnit":"","enableSmartLabels":true,"numberPrefix":"","numberSuffix":"","rotateValues":"","placeValuesInside":"","showCanvasBg":"","canvasBorderColor":"","canvasBorderThickness":"","canvasBorderAlpha":"","canvasBgColor":"","canvasBgAlpha":"","canvasBgRatio":"","canvasBgAngle":"","canvasPadding":"","plotGradientColor":"","showPlotBorder":"","rangeValues":""}},"WiziCore_UI_NextButtonWidget":{"default":{"pWidth":"","opacity":"","font":"normal 18px Arial","fontColor":"#636163","margin":"","border":"1px solid gray","borderRadius":10.1,"bgColor":"#f7f7f7","hourglassImage":""}},"WiziCore_UI_fChartColumnWidget":{"default":{"xAxisName":"","xAxisNamePadding":"","labelPadding":"","labelStep":"1","xNumDivLines":"","xDivLineThickness":"","xDivLineColor":"","xDivLineAlpha":"","yAxisName":"","yAxisNamePadding":"","rotateYAxisName":"","yAxisMinValue":"","yAxisMaxValue":"","setAdaptiveYMin":"","showYAxisValues":true,"yAxisValuesStep":"","yNumDivLines":"","yDivLineThickness":"","yDivLineColor":"","yDivLineAlpha":"","bgColor":"","bgAlpha":"","bgTransparent":"","bgImage":"","showLegend":"","legendBgColor":"","legendBgAlpha":"","legendBorderThickness":"","showBorder":"","borderColor":"","borderThickness":"","borderAlpha":"","palette":"","useRoundEdges":"","chartTopMargin":"","chartBottomMargin":"","chartLeftMargin":"","chartRightMargin":"","valuePadding":"","numberScaleValue":"","numberScaleUnit":"","enableSmartLabels":true,"numberPrefix":"","numberSuffix":"","rotateValues":"","placeValuesInside":"","showCanvasBg":"","canvasBorderColor":"","canvasBorderThickness":"","canvasBorderAlpha":"","canvasBgColor":"","canvasBgAlpha":"","canvasBgRatio":"","canvasBgAngle":"","canvasPadding":"","plotGradientColor":"","showPlotBorder":"","rangeValues":""}},"WiziCore_UI_fChartLineWidget":{"default":{"xAxisName":"","xAxisNamePadding":"","labelPadding":"","labelStep":"","xNumDivLines":"","xDivLineThickness":"","xDivLineColor":"","xDivLineAlpha":"","yAxisName":"","yAxisNamePadding":"","rotateYAxisName":"","yAxisMinValue":"","yAxisMaxValue":"","setAdaptiveYMin":"","showYAxisValues":true,"yAxisValuesStep":"","yNumDivLines":"","yDivLineThickness":"","yDivLineColor":"","yDivLineAlpha":"","bgColor":"","bgAlpha":"","bgTransparent":"","bgImage":"","showLegend":"","legendBgColor":"","legendBgAlpha":"","legendBorderThickness":"","showBorder":"","borderColor":"","borderThickness":"","borderAlpha":"","palette":"","useRoundEdges":"","chartTopMargin":"","chartBottomMargin":"","chartLeftMargin":"","chartRightMargin":"","valuePadding":"","numberScaleValue":"","numberScaleUnit":"","enableSmartLabels":true,"numberPrefix":"","numberSuffix":"","rotateValues":"","placeValuesInside":"","showCanvasBg":"","canvasBorderColor":"","canvasBorderThickness":"","canvasBorderAlpha":"","canvasBgColor":"","canvasBgAlpha":"","canvasBgRatio":"","canvasBgAngle":"","canvasPadding":"0","plotGradientColor":"","showPlotBorder":"","rangeValues":""}},"WiziCore_UI_SignUpButtonWidget":{"default":{"pWidth":"","minWidth":"","maxWidth":"","opacity":1,"font":"normal 12px verdana","fontColor":"black","margin":"","border":"1px solid gray","borderRadius":"0","bgColor":"#f7f7f7","hourglassImage":"Default"}},"WiziCore770bcd0d28944f4b8381826f90c42bc4":{"default":{"pWidth":"","opacity":"","margin":""}},"WiziCore_UI_fChartAreaWidget":{"default":{"xAxisName":"","xAxisNamePadding":"","labelPadding":"","labelStep":"","xNumDivLines":"","xDivLineThickness":"","xDivLineColor":"","xDivLineAlpha":"","yAxisName":"","yAxisNamePadding":"","rotateYAxisName":"","yAxisMinValue":"","yAxisMaxValue":"","setAdaptiveYMin":"","showYAxisValues":true,"yAxisValuesStep":"","yNumDivLines":"","yDivLineThickness":"","yDivLineColor":"","yDivLineAlpha":"","bgColor":"","bgAlpha":"","bgTransparent":"","bgImage":"","showLegend":"","legendBgColor":"","legendBgAlpha":"","legendBorderThickness":"","showBorder":"","borderColor":"","borderThickness":"","borderAlpha":"","palette":"","useRoundEdges":"","chartTopMargin":"","chartBottomMargin":"","chartLeftMargin":"","chartRightMargin":"","valuePadding":"","numberScaleValue":"","numberScaleUnit":"","enableSmartLabels":"","numberPrefix":"","numberSuffix":"","rotateValues":"","placeValuesInside":"","showCanvasBg":"","canvasBorderColor":"","canvasBorderThickness":"","canvasBorderAlpha":"","canvasBgColor":"","canvasBgAlpha":"","canvasBgRatio":"","canvasBgAngle":"","canvasPadding":"","plotGradientColor":"","showPlotBorder":"","rangeValues":{"rows":[{"id":1,"data":["1",null,null],"ind":1},{"id":2,"data":["2",null,null],"ind":2}]}}},"WiziCore_UI_fChartBarWidget":{"default":{"rangeValues":""}},"WiziCore_UI_FileUploadWidget":{"default":{"displayOptions":"OpenFilename","attachText":"File","deattachText":"Reset","stopText":"Stop","btnLocation":"right","fileTypes":"","opacity":1,"font":"","fontColor":"","margin":"","border":"","borderRadius":"0","bgColor":"","btnColor":"","btnFont":"","hourglassImage":"Default"}},"WiziCore_UI_fChartPieWidget":{"default":{"xAxisName":"","xAxisNamePadding":"","labelPadding":"","labelStep":"","xNumDivLines":"","xDivLineThickness":"","xDivLineColor":"","xDivLineAlpha":"","yAxisName":"","yAxisNamePadding":"","rotateYAxisName":"","yAxisMinValue":"","yAxisMaxValue":"","setAdaptiveYMin":"","showYAxisValues":"","yAxisValuesStep":"","yNumDivLines":"","yDivLineThickness":"","yDivLineColor":"","yDivLineAlpha":"","bgColor":"","bgAlpha":"","bgTransparent":"","bgImage":"","showLegend":"","legendBgColor":"","legendBgAlpha":"","legendBorderThickness":"","showBorder":"","borderColor":"","borderThickness":"","borderAlpha":"","palette":"","useRoundEdges":"","chartTopMargin":"","chartBottomMargin":"","chartLeftMargin":"","chartRightMargin":"","valuePadding":"","numberScaleValue":"","numberScaleUnit":"","enableSmartLabels":true,"numberPrefix":"","numberSuffix":"","rotateValues":"","placeValuesInside":"","showCanvasBg":"","canvasBorderColor":"","canvasBorderThickness":"","canvasBorderAlpha":"","canvasBgColor":"","canvasBgAlpha":"","canvasBgRatio":"","canvasBgAngle":"","canvasPadding":"","plotGradientColor":"","showPlotBorder":"","rangeValues":""}},"WiziCore_UI_fGaugeTermWidget":{"default":{"setAdaptiveMin":"","upperLimit":"","lowerLimit":"","upperLimitDisplay":"","lowerLimitDisplay":"","showTickMarks":"","showTickValues":"","showLimits":"","adjustTM":"","ticksBelowGauge":"","placeTicksInside":"","placeValuesInside":"","majorTMNumber":"","majorTMColor":"","majorTMAlpha":"","majorTMHeight":"","majorTMThickness":"","minorTMNumber":"","minorTMColor":"","minorTMAlpha":"","minorTMHeight":"","minorTMThickness":"","tickMarkDistance":"","tickValueDistance":"","trendValueDistance":"","tickValueStep":"","tickValueDecimals":"","forceTickValueDecimals":"","numberPrefix":"","numberSuffix":"","bgColor":"","bgAlpha":"","bgTransparent":true,"bgImage":"","showLegend":"","legendBgColor":"","legendBgAlpha":"","legendBorderThickness":"","showBorder":"","borderColor":"","borderThickness":"","borderAlpha":"","palette":"","useRoundEdges":"","chartTopMargin":"","chartBottomMargin":"","chartLeftMargin":"","chartRightMargin":"","valuePadding":"","numberScaleValue":"","numberScaleUnit":"","enableSmartLabels":"","rotateValues":"","showCanvasBg":"","canvasBorderColor":"","canvasBorderThickness":"","canvasBorderAlpha":"","canvasBgColor":"","canvasBgAlpha":"","canvasBgRatio":"","canvasBgAngle":"","canvasPadding":"","plotGradientColor":"","showPlotBorder":"","rangeValues":{"rows":[{"id":1,"data":["1",null,20],"ind":1},{"id":2,"data":["2",null,33],"ind":2}]}}},"WiziCore_UI_fChartDoughnutWidget":{"default":{"xAxisName":"","xAxisNamePadding":"","labelPadding":"","labelStep":"","xNumDivLines":"","xDivLineThickness":"","xDivLineColor":"","xDivLineAlpha":"","yAxisName":"","yAxisNamePadding":"","rotateYAxisName":"","yAxisMinValue":"","yAxisMaxValue":"","setAdaptiveYMin":"","showYAxisValues":"","yAxisValuesStep":"","yNumDivLines":"","yDivLineThickness":"","yDivLineColor":"","yDivLineAlpha":"","bgColor":"","bgAlpha":"","bgTransparent":"","bgImage":"","showLegend":"","legendBgColor":"","legendBgAlpha":"","legendBorderThickness":"","showBorder":"","borderColor":"","borderThickness":"","borderAlpha":"","palette":"","useRoundEdges":"","chartTopMargin":"","chartBottomMargin":"","chartLeftMargin":"","chartRightMargin":"","valuePadding":"","numberScaleValue":"","numberScaleUnit":"","enableSmartLabels":true,"numberPrefix":"","numberSuffix":"","rotateValues":"","placeValuesInside":"","showCanvasBg":"","canvasBorderColor":"","canvasBorderThickness":"","canvasBorderAlpha":"","canvasBgColor":"","canvasBgAlpha":"","canvasBgRatio":"","canvasBgAngle":"","canvasPadding":"","plotGradientColor":"","showPlotBorder":"","rangeValues":""}},"WiziCore_UI_SubmitButtonWidget":{"default":{"pWidth":"","minWidth":"","maxWidth":"","opacity":1,"font":"normal 12px verdana","fontColor":"black","margin":"","border":"1px solid gray","borderRadius":"0","bgColor":"#f7f7f7","hourglassImage":"Default"}},"WiziCore_UI_PasswordWidget":{"default":{"pWidth":"","minWidth":"","maxWidth":"","opacity":1,"font":"normal 12px verdana","fontColor":"black","margin":"","border":"1px solid gray","borderRadius":"0","bgColor":"#f7f7f7","hourglassImage":"Default"}},"WiziCore_UI_GroupWidget":{"default":{"pWidth":"","minWidth":"","maxWidth":"","maxHeight":"","opacity":1,"margin":"","hourglassImage":"Default"}},"TextMobile":{"default":{"pWidth":"","minWidth":"","maxWidth":"","opacity":"","margin":"","mobileTheme":""}},"WiziCore_UI_fChartRadarWidget":{"default":{"xAxisName":"","xAxisNamePadding":"","labelPadding":"","labelStep":"","xNumDivLines":"","xDivLineThickness":"","xDivLineColor":"","xDivLineAlpha":"","yAxisName":"","yAxisNamePadding":"","rotateYAxisName":"","yAxisMinValue":"","yAxisMaxValue":"","setAdaptiveYMin":"","showYAxisValues":"","yAxisValuesStep":"","yNumDivLines":"","yDivLineThickness":"","yDivLineColor":"","yDivLineAlpha":"","bgColor":"","bgAlpha":"","bgTransparent":"","bgImage":"","showLegend":"","legendBgColor":"","legendBgAlpha":"","legendBorderThickness":"","showBorder":"","borderColor":"","borderThickness":"","borderAlpha":"","palette":"","useRoundEdges":"","chartTopMargin":"","chartBottomMargin":"","chartLeftMargin":"","chartRightMargin":"","valuePadding":"","numberScaleValue":"","numberScaleUnit":"","enableSmartLabels":true,"numberPrefix":"","numberSuffix":"","rotateValues":"","placeValuesInside":"","showCanvasBg":"","canvasBorderColor":"","canvasBorderThickness":"","canvasBorderAlpha":"","canvasBgColor":"","canvasBgAlpha":"","canvasBgRatio":"","canvasBgAngle":"","canvasPadding":"","plotGradientColor":"","showPlotBorder":"","rangeValues":""}},"WiziCore_UI_fGaugeLedWidget":{"default":{"setAdaptiveMin":"","upperLimit":"","lowerLimit":"","upperLimitDisplay":"","lowerLimitDisplay":"","showTickMarks":true,"showTickValues":true,"showLimits":true,"adjustTM":"","ticksBelowGauge":true,"placeTicksInside":"","placeValuesInside":"","majorTMNumber":"","majorTMColor":"","majorTMAlpha":"","majorTMHeight":"","majorTMThickness":"","minorTMNumber":"","minorTMColor":"","minorTMAlpha":"","minorTMHeight":"","minorTMThickness":"","tickMarkDistance":"","tickValueDistance":"","trendValueDistance":"","tickValueStep":"","tickValueDecimals":"","forceTickValueDecimals":"","numberPrefix":"","numberSuffix":"","bgColor":"","bgAlpha":"","bgTransparent":true,"bgImage":"","showLegend":true,"legendBgColor":"","legendBgAlpha":"","legendBorderThickness":"","showBorder":"","borderColor":"","borderThickness":"","borderAlpha":"","palette":"","useRoundEdges":"","chartTopMargin":"","chartBottomMargin":"","chartLeftMargin":"","chartRightMargin":"","valuePadding":"","numberScaleValue":"","numberScaleUnit":"","enableSmartLabels":"","rotateValues":"","showCanvasBg":"","canvasBorderColor":"","canvasBorderThickness":"","canvasBorderAlpha":"","canvasBgColor":"","canvasBgAlpha":"","canvasBgRatio":"","canvasBgAngle":"","canvasPadding":"","plotGradientColor":"","showPlotBorder":"","rangeValues":{"rows":[{"id":1,"data":["1",null,10],"ind":1},{"id":2,"data":["2",null,20],"ind":2},{"id":3,"data":["3",null,30],"ind":3}]}}},"WiziCore_UI_DataContainerWidget":{"default":{"pWidth":"","opacity":1,"border":"","borderRadius":"","margin":"","bgColor":"","hourglassImage":"Default"}},"WiziCore_UI_AccordionWidget":{"default":{"pWidth":"","opacity":1,"font":"normal 13px Verdana","margin":"","headerFontColor":"","bgColor":"","border":"","headerBGColors":{"useColors":true,"colors":["#aaaaaa","bbbbbb"]},"headerBorderRadius":"","sectionBGColor":"","contentBorderRadius":"","hourglassImage":"Default"}},"WiziCore_UI_TextMobileWidget":{"default":{"pWidth":"","opacity":1,"margin":"","mobileTheme":"c"}},"WiziCore_UI_PopupDropdownMobileWidget":{"default":{"pWidth":"","opacity":"","margin":"","mobileTheme":"c"}},"WiziCore_UI_fGaugeFunnelWidget":{"default":{"setAdaptiveMin":"","upperLimit":"","lowerLimit":"","upperLimitDisplay":"","lowerLimitDisplay":"","showTickMarks":"","showTickValues":"","showLimits":"","adjustTM":"","ticksBelowGauge":"","placeTicksInside":"","placeValuesInside":"","majorTMNumber":"","majorTMColor":"","majorTMAlpha":"","majorTMHeight":"","majorTMThickness":"","minorTMNumber":"","minorTMColor":"","minorTMAlpha":"","minorTMHeight":"","minorTMThickness":"","tickMarkDistance":"","tickValueDistance":"","trendValueDistance":"","tickValueStep":"","tickValueDecimals":"","forceTickValueDecimals":"","numberPrefix":"","numberSuffix":"","bgColor":"","bgAlpha":"","bgTransparent":true,"bgImage":"","showLegend":"","legendBgColor":"","legendBgAlpha":"","legendBorderThickness":"","showBorder":"","borderColor":"","borderThickness":"","borderAlpha":"","palette":"","useRoundEdges":"","chartTopMargin":"","chartBottomMargin":"","chartLeftMargin":"","chartRightMargin":"","valuePadding":"","numberScaleValue":"","numberScaleUnit":"","enableSmartLabels":true,"rotateValues":"","showCanvasBg":"","canvasBorderColor":"","canvasBorderThickness":"","canvasBorderAlpha":"","canvasBgColor":"","canvasBgAlpha":"","canvasBgRatio":"","canvasBgAngle":"","canvasPadding":"","plotGradientColor":"","showPlotBorder":"","rangeValues":""}},"WiziCore_UI_fGaugeBulbWidget":{"default":{"setAdaptiveMin":"","upperLimit":"","lowerLimit":"","upperLimitDisplay":"","lowerLimitDisplay":"","showTickMarks":"","showTickValues":"","showLimits":"","adjustTM":"","ticksBelowGauge":"","placeTicksInside":"","placeValuesInside":"","majorTMNumber":"","majorTMColor":"","majorTMAlpha":"","majorTMHeight":"","majorTMThickness":"","minorTMNumber":"","minorTMColor":"","minorTMAlpha":"","minorTMHeight":"","minorTMThickness":"","tickMarkDistance":"","tickValueDistance":"","trendValueDistance":"","tickValueStep":"","tickValueDecimals":"","forceTickValueDecimals":"","numberPrefix":"","numberSuffix":"","bgColor":"","bgAlpha":"","bgTransparent":true,"bgImage":"","showLegend":"","legendBgColor":"","legendBgAlpha":"","legendBorderThickness":"","showBorder":"","borderColor":"","borderThickness":"","borderAlpha":"","palette":"","useRoundEdges":"","chartTopMargin":"","chartBottomMargin":"","chartLeftMargin":"","chartRightMargin":"","valuePadding":"","numberScaleValue":"","numberScaleUnit":"","enableSmartLabels":"","rotateValues":"","showCanvasBg":"","canvasBorderColor":"","canvasBorderThickness":"","canvasBorderAlpha":"","canvasBgColor":"","canvasBgAlpha":"","canvasBgRatio":"","canvasBgAngle":"","canvasPadding":"","plotGradientColor":"","showPlotBorder":"","rangeValues":{"rows":[{"id":1,"data":["1",null,10],"ind":1},{"id":2,"data":["2",null,20],"ind":2},{"id":3,"data":["3",null,30],"ind":3}]}}},"WiziCore_UI_ImgWidget":{"default":{"border":""}},"WiziCore_UI_SliderHWidget":{"default":{"bgColor":"#8c8c8c","borderColor":"","hoverColor":"","defaultColor":""},"sdf":{"bgColor":"#751375","borderColor":"","hoverColor":"","defaultColor":""}},"WiziCore_UI_FlipToggleSwitchMobileWidget":{"default":{"pWidth":"","minWidth":"","maxWidth":"","opacity":1,"margin":"","mobileTheme":"c"}}},"widgetScripts":["Resources\/widgets7Dhmobile9645270f.js","Resources\/widgetsWhDcommon9645270f.js","Resources\/widgetsh4tcontainers9645270f.js"],"widgetCsses":[]}